ID,FirstName,LastName,Company,Address,City,Country,Zip,Phone,Email,Web
1,John,Doe,Big company Ltd,15 Main Street,New Madrid,Dreamland,981900,+1555781290,john.doe@bigcompany.site,bigcompany.site
2,Jane,Doe,Big company Ltd,15 Main Street,New Madrid,Dreamland,981900,+1238293729,jane.doe@bigcompany.site,bigcompany.site
3,Mark,Smith,Trading Inc,1 Second Av,Old York,Oldland,112341,+1238234121,mark.smith@trading.site,trading.site
4,Steven,Black,New Law Ltd,15 First Av,Old York,Oldland,192811,+1232211231,steven.black@newlaw.site,newlaw.site
